{"abap":[[[2004],0.3733333333333333],[[2005],0.35833333333333334],[[2006],0.3625],[[2007],0.3708333333333333],[[2008],0.3733333333333333],[[2009],0.39833333333333343],[[2010],0.5783333333333334],[[2011],0.6549999999999999],[[2012],0.7233333333333333],[[2013],0.6116666666666667],[[2014],0.5783333333333333],[[2015],0.5416666666666666],[[2016],0.44083333333333335],[[2017],0.4766666666666666],[[2018],0.5066666666666666],[[2019],0.48],[[2020],0.5041666666666668],[[2021],0.4825],[[2022],0.44083333333333324],[[2023],0.46399999999999997]],"ada":[[[2004],0.37666666666666665],[[2005],0.33583333333333326],[[2006],0.25166666666666665],[[2007],0.2258333333333333],[[2008],0.20666666666666664],[[2009],0.18833333333333335],[[2010],0.15333333333333332],[[2011],0.21166666666666667],[[2012],0.23499999999999996],[[2013],0.2366666666666667],[[2014],0.2825],[[2015],0.32166666666666666],[[2016],0.43166666666666664],[[2017],0.4291666666666667],[[2018],0.375],[[2019],0.3675000000000001],[[2020],0.4725000000000001],[[2021],0.8225000000000001],[[2022],0.7166666666666668],[[2023],0.9280000000000002]],"c":[[[2004],9.636666666666668],[[2005],9.2825],[[2006],8.380833333333335],[[2007],8.055833333333334],[[2008],8.026666666666667],[[2009],9.124999999999998],[[2010],11.387500000000001],[[2011],12.511666666666668],[[2012],9.487499999999999],[[2013],8.158333333333333],[[2014],7.97],[[2015],7.731666666666666],[[2016],7.490833333333335],[[2017],7.103333333333333],[[2018],6.155833333333334],[[2019],5.884166666666668],[[2020],5.7525],[[2021],6.552500000000001],[[2022],6.784166666666667],[[2023],6.764]],"c_plus_plus":[[[2004],9.636666666666668],[[2005],9.2825],[[2006],8.380833333333335],[[2007],8.055833333333334],[[2008],8.026666666666667],[[2009],9.124999999999998],[[2010],11.387500000000001],[[2011],12.511666666666668],[[2012],9.487499999999999],[[2013],8.158333333333333],[[2014],7.97],[[2015],7.731666666666666],[[2016],7.490833333333335],[[2017],7.103333333333333],[[2018],6.155833333333334],[[2019],5.884166666666668],[[2020],5.7525],[[2021],6.552500000000001],[[2022],6.784166666666667],[[2023],6.764]],"c_sharp":[[[2004],5.0683333333333325],[[2005],5.839166666666666],[[2006],6.68],[[2007],6.878333333333334],[[2008],7.570833333333334],[[2009],7.245833333333334],[[2010],6.345833333333332],[[2011],6.245833333333333],[[2012],8.278333333333334],[[2013],9.700833333333335],[[2014],9.5825],[[2015],9.235833333333334],[[2016],8.951666666666666],[[2017],8.240833333333333],[[2018],7.665833333333333],[[2019],7.228333333333333],[[2020],6.690833333333333],[[2021],6.89],[[2022],7.142500000000001],[[2023],6.88]],"cobol":[[[2004],0.5],[[2005],0.43999999999999995],[[2006],0.4366666666666667],[[2007],0.35999999999999993],[[2008],0.40833333333333327],[[2009],0.4133333333333333],[[2010],0.5216666666666666],[[2011],0.4058333333333333],[[2012],0.35833333333333334],[[2013],0.3308333333333333],[[2014],0.3391666666666666],[[2015],0.3283333333333333],[[2016],0.32666666666666666],[[2017],0.3058333333333333],[[2018],0.3],[[2019],0.335],[[2020],0.33166666666666667],[[2021],0.34583333333333327],[[2022],0.2675],[[2023],0.384]],"dart":[[[2004],0],[[2005],0],[[2006],0],[[2007],0],[[2008],0],[[2009],0],[[2010],0],[[2011],0.04416666666666666],[[2012],0.125],[[2013],0.08916666666666667],[[2014],0.1633333333333333],[[2015],0.1208333333333333],[[2016],0.09333333333333332],[[2017],0.09916666666666668],[[2018],0.13166666666666665],[[2019],0.2775],[[2020],0.5733333333333334],[[2021],0.5566666666666665],[[2022],0.7308333333333334],[[2023],0.806]],"object_pascal":[[[2004],2.7266666666666666],[[2005],2.494166666666667],[[2006],2.091666666666667],[[2007],1.7766666666666666],[[2008],1.7433333333333332],[[2009],1.55],[[2010],1.2683333333333333],[[2011],1.1191666666666666],[[2012],0.9508333333333332],[[2013],0.7433333333333333],[[2014],0.6658333333333334],[[2015],0.5575],[[2016],0.42416666666666664],[[2017],0.3308333333333333],[[2018],0.27999999999999997],[[2019],0.23916666666666672],[[2020],0.2383333333333333],[[2021],0.25500000000000006],[[2022],0.047499999999999994],[[2023],0.08]],"pascal":[[[2004],2.7266666666666666],[[2005],2.494166666666667],[[2006],2.091666666666667],[[2007],1.7766666666666666],[[2008],1.7433333333333332],[[2009],1.55],[[2010],1.2683333333333333],[[2011],1.1191666666666666],[[2012],0.9508333333333332],[[2013],0.7433333333333333],[[2014],0.6658333333333334],[[2015],0.5575],[[2016],0.42416666666666664],[[2017],0.3308333333333333],[[2018],0.27999999999999997],[[2019],0.23916666666666672],[[2020],0.2383333333333333],[[2021],0.25500000000000006],[[2022],0.047499999999999994],[[2023],0.08]],"go":[[[2004],0],[[2005],0],[[2006],0],[[2007],0.06166666666666665],[[2008],0.06083333333333332],[[2009],0.055000000000000014],[[2010],0.028333333333333332],[[2011],0.02583333333333333],[[2012],0.03666666666666667],[[2013],0.07333333333333332],[[2014],0.1558333333333333],[[2015],0.24],[[2016],0.3825],[[2017],0.5591666666666667],[[2018],0.8666666666666668],[[2019],1.1766666666666667],[[2020],1.3833333333333335],[[2021],1.3816666666666666],[[2022],1.7183333333333335],[[2023],1.932]],"groovy":[[[2004],0.07166666666666667],[[2005],0.08249999999999998],[[2006],0.09416666666666666],[[2007],0.09166666666666667],[[2008],0.23999999999999996],[[2009],0.32749999999999996],[[2010],0.3733333333333333],[[2011],0.3416666666666666],[[2012],0.3625],[[2013],0.3733333333333333],[[2014],0.43416666666666676],[[2015],0.4583333333333334],[[2016],0.4033333333333333],[[2017],0.4875],[[2018],0.5116666666666668],[[2019],0.4925000000000001],[[2020],0.44583333333333325],[[2021],0.38583333333333325],[[2022],0.3975],[[2023],0.36400000000000005]],"haskell":[[[2004],0.215],[[2005],0.23249999999999996],[[2006],0.2916666666666667],[[2007],0.31999999999999995],[[2008],0.32999999999999996],[[2009],0.3041666666666667],[[2010],0.2641666666666666],[[2011],0.305],[[2012],0.3],[[2013],0.28583333333333333],[[2014],0.3416666666666666],[[2015],0.32583333333333336],[[2016],0.3299999999999999],[[2017],0.3025],[[2018],0.27916666666666673],[[2019],0.27499999999999997],[[2020],0.29999999999999993],[[2021],0.24583333333333335],[[2022],0.26166666666666666],[[2023],0.334]],"java":[[[2004],29.62333333333333],[[2005],30.154166666666665],[[2006],30.018333333333334],[[2007],30.474166666666672],[[2008],29.767500000000002],[[2009],27.979166666666668],[[2010],28.250833333333333],[[2011],28.134999999999994],[[2012],27.095],[[2013],26.373333333333335],[[2014],25.967499999999998],[[2015],25.2475],[[2016],23.950833333333325],[[2017],22.0975],[[2018],21.573333333333334],[[2019],19.826666666666664],[[2020],17.031666666666666],[[2021],17.371666666666666],[[2022],17.453333333333333],[[2023],16.47]],"javascript":[[[2004],8.571666666666667],[[2005],8.294166666666667],[[2006],8.26],[[2007],8.419166666666667],[[2008],8.0175],[[2009],7.716666666666668],[[2010],7.162499999999999],[[2011],7.0441666666666665],[[2012],7.03],[[2013],7.374166666666667],[[2014],7.526666666666667],[[2015],7.388333333333333],[[2016],7.688333333333333],[[2017],8.254166666666665],[[2018],8.241666666666667],[[2019],8.074166666666665],[[2020],8.030000000000001],[[2021],8.775],[[2022],9.37],[[2023],9.540000000000001]],"julia":[[[2004],0],[[2005],0],[[2006],0],[[2007],0],[[2008],0],[[2009],0],[[2010],0],[[2011],0],[[2012],0.07833333333333332],[[2013],0.11750000000000001],[[2014],0.18416666666666667],[[2015],0.17666666666666664],[[2016],0.18916666666666668],[[2017],0.18249999999999997],[[2018],0.2058333333333333],[[2019],0.3025],[[2020],0.415],[[2021],0.4058333333333333],[[2022],0.3558333333333334],[[2023],0.40599999999999997]],